,file_name,label,label_confidence,n_annotated_objects,n_annotated_frames,mean_group_size,max_group_size
0,7_PENTEKTEST_Sus_scrofa,Meles_meles/lynx/Sus_scrofa,0.22972972972972974,74,74,1.0,1
1,7_PENTEKTEST_Felis_silvestris,mustelid/chamois/Felis_silvestris,0.09090909090909091,11,11,1.0,1
2,7_PENTEKTEST_Meles_meles,squirrel/mustelid/Meles_meles,0.20408163265306123,49,49,1.0,1
3,288_KLESZO_Canis_lupus,bear/Vulpes_vulpes/Canis_lupus,0.3835616438356164,226,73,3.095890410958904,4
4,3673_KLESZO_Vulpes_vulpes,bird/squirrel/Vulpes_vulpes,0.4,136,130,1.0461538461538462,2
5,211_PENTEKTEST_Person,Person,1.0,1,1,1.0,1
6,141_PENTEKTEST_Cervus_elaphus,chamois/Capreolus_capreolus/Cervus_elaphus,0.24489795918367346,60,49,1.2244897959183674,2
7,141_PENTEKTEST_Capreolus_capreolus,squirrel/Cervus_elaphus/Capreolus_capreolus,0.20437956204379562,272,137,1.9854014598540146,2
8,443_KLESZO_Canis_lupus,Dog/Vulpes_vulpes/Canis_lupus,0.3333333333333333,15,15,1.0,1
9,164_PENTEKTEST_Capreolus_capreolus,Cervus_elaphus/Vulpes_vulpes/Capreolus_capreolus,0.3333333333333333,9,9,1.0,1
10,164_PENTEKTEST_Vulpes_vulpes,lagomorph/Cervus_elaphus/Capreolus_capreolus,0.16666666666666666,24,24,1.0,1
11,164_PENTEKTEST_Dog,Person,0.7564102564102564,200,78,2.5641025641025643,3
12,3852_KLESZO_Vulpes_vulpes,mustelid/squirrel/Vulpes_vulpes,0.6470588235294118,17,17,1.0,1
13,231_PENTEKTEST_Meles_meles,squirrel/mustelid/Meles_meles,0.43478260869565216,23,23,1.0,1
14,438_PENTEKTEST_Person,Person,1.0,30,17,1.7647058823529411,2
15,4368_KLESZO_Sus_scrofa,bison/Vulpes_vulpes/Sus_scrofa,0.5,3,2,1.5,2
16,489_KLESZO_Ovis_orientalis,sheep/goat/Ovis_orientalis,0.1728395061728395,93,81,1.1481481481481481,2
17,376_PENTEKTEST_Cervus_elaphus,Capreolus_capreolus/fallow deer/Cervus_elaphus,0.2894736842105263,152,76,2.0,3
18,4906_KLESZO_Vulpes_vulpes,squirrel/mustelid/Vulpes_vulpes,0.41836734693877553,99,98,1.010204081632653,2
19,30_PENTEKTEST_Person,Person,0.7872340425531915,47,47,1.0,1
20,13525_KLESZO_Sus_scrofa,Meles_meles/bear/Sus_scrofa,0.25,6,4,1.5,2
21,3554_KLESZO_Vulpes_vulpes,mustelid/squirrel/Vulpes_vulpes,0.13513513513513514,74,74,1.0,1
22,72_PENTEKTEST_Felis_silvestris,squirrel/mustelid/Felis_silvestris,0.3333333333333333,18,18,1.0,1
23,72_PENTEKTEST_Ovis_orientalis,ibex/goat/Ovis_orientalis,0.26,88,50,1.76,2
24,499_KLESZO_Ovis_orientalis,Cervus_elaphus/fallow deer/Ovis_orientalis,0.2375,80,80,1.0,1
25,13533_KLESZO_Sus_scrofa,lynx/Meles_meles/Sus_scrofa,1.0,11,6,1.8333333333333333,2
26,444_KLESZO_Canis_lupus,Felis_silvestris/Canis_lupus/Vulpes_vulpes,0.24390243902439024,41,41,1.0,1
27,483_KLESZO_Ovis_orientalis,ibex/goat/Ovis_orientalis,0.3246753246753247,224,154,1.4545454545454546,2
28,1789_KLESZO_Vulpes_vulpes,Dog/Canis_lupus/Vulpes_vulpes,0.15053763440860216,93,93,1.0,1
29,144_PENTEKTEST_Cervus_elaphus,Vulpes_vulpes/Capreolus_capreolus/Cervus_elaphus,0.6778523489932886,150,149,1.0067114093959733,2
30,144_PENTEKTEST_Vulpes_vulpes,Felis_silvestris/mustelid/Vulpes_vulpes,1.0,1,1,1.0,1
31,57_PENTEKTEST_Person,bird/bison/cow,0.17647058823529413,68,68,1.0,1
32,57_PENTEKTEST_Dog,Person,0.9873417721518988,276,79,3.4936708860759493,5
33,59_PENTEKTEST_Dog,Person,0.8024691358024691,147,81,1.8148148148148149,2
34,488_KLESZO_Ovis_orientalis,Cervus_elaphus/Capreolus_capreolus/Ovis_orientalis,0.1568627450980392,330,153,2.156862745098039,3
35,182_PENTEKTEST_Canis_lupus,Felis_silvestris/Vulpes_vulpes/Canis_lupus,0.6071428571428571,208,140,1.4857142857142858,3
36,20_PENTEKTEST_Vehicle,Vehicle,1.0,79,79,1.0,1
37,129_PENTEKTEST_Dog,Person,0.9692307692307692,253,65,3.8923076923076922,4
38,3698_KLESZO_Vulpes_vulpes,squirrel/bird/Vulpes_vulpes,0.6164383561643836,146,146,1.0,1
39,703_PENTEKTEST_Vehicle,Vehicle,1.0,79,79,1.0,1
40,18_PENTEKTEST_Ovis_orientalis,bird/chamois/Ovis_orientalis,0.3111111111111111,55,45,1.2222222222222223,2
41,492_KLESZO_Ovis_orientalis,goat/chamois/Ovis_orientalis,0.3333333333333333,153,153,1.0,1
42,492_PENTEKTEST_Person,Person,1.0,126,63,2.0,2
43,495_KLESZO_Ovis_orientalis,goat/chamois/Ovis_orientalis,0.2792207792207792,337,154,2.188311688311688,4
44,78_KLESZO_Felis_silvestris,Vulpes_vulpes/raccoon/Felis_silvestris,0.25,32,32,1.0,1
45,183_PENTEKTEST_Canis_lupus,Felis_silvestris/Vulpes_vulpes/Canis_lupus,0.4444444444444444,10,9,1.1111111111111112,2
46,5394_KLESZO_Vulpes_vulpes,mustelid/squirrel/Vulpes_vulpes,0.8446601941747572,103,103,1.0,1
47,105_PENTEKTEST_Sus_scrofa,cow/chamois/Sus_scrofa,0.4444444444444444,54,54,1.0,1
48,105_PENTEKTEST_Dog,Person,0.9807692307692307,168,52,3.230769230769231,5
49,15_PENTEKTEST_Capreolus_capreolus,Cervus_elaphus/squirrel/Capreolus_capreolus,0.5238095238095238,126,63,2.0,2
50,15_PENTEKTEST_Dog,Person,0.6455696202531646,134,79,1.6962025316455696,2
51,171_PENTEKTEST_Capreolus_capreolus,fallow deer/Cervus_elaphus/Capreolus_capreolus,0.3333333333333333,96,78,1.2307692307692308,2
52,171_PENTEKTEST_Vehicle,Person,0.9047619047619048,21,21,1.0,1
53,504_KLESZO_Ovis_orientalis,goat/chamois/Ovis_orientalis,0.44155844155844154,232,154,1.5064935064935066,2
54,285_PENTEKTEST_Person,Person,0.9705882352941176,34,34,1.0,1
55,5365_KLESZO_Vulpes_vulpes,mustelid/squirrel/Vulpes_vulpes,0.6595744680851063,47,47,1.0,1
56,284_PENTEKTEST_Person,Person,0.7564102564102564,134,78,1.7179487179487178,2
57,284_PENTEKTEST_Vehicle,Vehicle,1.0,79,79,1.0,1
58,12080_KLESZO_Sus_scrofa,Capreolus_capreolus/Cervus_elaphus/Sus_scrofa,0.25,5,4,1.25,2
59,486_KLESZO_Ovis_orientalis,Cervus_elaphus/chamois/Ovis_orientalis,0.17763157894736842,165,152,1.0855263157894737,3
60,106_PENTEKTEST_Capreolus_capreolus,Canis_lupus/chamois/Capreolus_capreolus,0.46296296296296297,58,54,1.0740740740740742,2
61,4910_KLESZO_Vulpes_vulpes,chamois/Sus_scrofa/Vulpes_vulpes,0.08333333333333333,36,36,1.0,1
62,542_PENTEKTEST_Person,Person,0.9736842105263158,125,114,1.0964912280701755,2
63,244_KLESZO_Ovis_orientalis,goat/Cervus_elaphus/Ovis_orientalis,0.37735849056603776,106,106,1.0,1
64,471_KLESZO_Ovis_orientalis,ibex/goat/Ovis_orientalis,0.17880794701986755,153,151,1.0132450331125828,2
65,12261_KLESZO_Sus_scrofa,bison/Dog/Sus_scrofa,0.07142857142857142,31,14,2.2142857142857144,3
66,127_PENTEKTEST_Capreolus_capreolus,squirrel/Cervus_elaphus/Capreolus_capreolus,0.2328767123287671,73,73,1.0,1
67,191_PENTEKTEST_Canis_lupus,Felis_silvestris/Vulpes_vulpes/Canis_lupus,0.4794520547945205,78,73,1.0684931506849316,2
68,191_PENTEKTEST_Capreolus_capreolus,Canis_lupus/Cervus_elaphus/Capreolus_capreolus,0.225,40,40,1.0,1
69,6001_KLESZO_Vehicle,Vehicle,1.0,102,102,1.0,1
70,120_PENTEKTEST_Dog,Person,1.0,179,86,2.0813953488372094,3
71,13528_KLESZO_Sus_scrofa,cow/Meles_meles/Sus_scrofa,0.18181818181818182,11,11,1.0,1
72,475_KLESZO_Ovis_orientalis,Capreolus_capreolus/chamois/Ovis_orientalis,0.43790849673202614,332,153,2.1699346405228757,3
73,340_PENTEKTEST_Vulpes_vulpes,squirrel/mustelid/Vulpes_vulpes,0.4716981132075472,53,53,1.0,1
74,12124_KLESZO_Sus_scrofa,Vulpes_vulpes/lynx/Sus_scrofa,0.625,53,8,6.625,7
75,8_PENTEKTEST_Dog,Person,0.5,114,68,1.6764705882352942,3
76,326_PENTEKTEST_Vehicle,Vehicle,1.0,75,75,1.0,1
77,51_PENTEKTEST_Capreolus_capreolus,fallow deer/Ovis_orientalis/Capreolus_capreolus,0.5,2,2,1.0,1
78,51_PENTEKTEST_Dog,Person,0.734375,168,64,2.625,4
79,19_PENTEKTEST_Dog,cow/Canis_lupus/Dog,0.11940298507462686,100,67,1.492537313432836,3
80,1_KLESZO_Sus_scrofa,lagomorph/Meles_meles/Sus_scrofa,1.0,1,1,1.0,1
81,1_KLESZO_Felis_silvestris,raccoon/lynx/Felis_silvestris,0.3235294117647059,102,102,1.0,1
82,1_KLESZO_Dog,Felis_silvestris/Canis_lupus/Dog,1.0,1,1,1.0,1
83,189_PENTEKTEST_Canis_lupus,Felis_silvestris/Vulpes_vulpes/Canis_lupus,0.36633663366336633,153,101,1.5148514851485149,2
84,330_PENTEKTEST_Vehicle,Vehicle,1.0,26,26,1.0,1
85,484_KLESZO_Ovis_orientalis,ibex/Cervus_elaphus/Ovis_orientalis,0.1328125,464,128,3.625,4
86,275_PENTEKTEST_Meles_meles,Felis_silvestris/Vulpes_vulpes/Meles_meles,0.18181818181818182,22,22,1.0,1
87,12244_KLESZO_Sus_scrofa,Dog/cow/Sus_scrofa,0.3333333333333333,20,6,3.3333333333333335,4
88,276_PENTEKTEST_Capreolus_capreolus,chamois/Cervus_elaphus/Capreolus_capreolus,0.30158730158730157,63,63,1.0,1
89,491_KLESZO_Ovis_orientalis,Cervus_elaphus/fallow deer/Ovis_orientalis,0.12121212121212122,1088,132,8.242424242424242,11
90,2_KLESZO_Sus_scrofa,mustelid/Dog/Sus_scrofa,0.2,5,5,1.0,1
91,2_KLESZO_Felis_silvestris,raccoon/mustelid/Felis_silvestris,0.1111111111111111,36,36,1.0,1
92,2_KLESZO_Dog,Felis_silvestris/Canis_lupus/Dog,0.41935483870967744,31,31,1.0,1
93,458_PENTEKTEST_Cervus_elaphus,Vulpes_vulpes/Capreolus_capreolus/Cervus_elaphus,0.43037974683544306,79,79,1.0,1
94,12148_KLESZO_Sus_scrofa,mustelid/Meles_meles/Sus_scrofa,0.2857142857142857,32,7,4.571428571428571,6
95,479_KLESZO_Ovis_orientalis,goat/Cervus_elaphus/Ovis_orientalis,0.296875,80,64,1.25,2
96,42_PENTEKTEST_Vulpes_vulpes,squirrel/mustelid/Vulpes_vulpes,0.2631578947368421,19,19,1.0,1
97,42_PENTEKTEST_Felis_silvestris,Vulpes_vulpes/lynx/Felis_silvestris,0.16666666666666666,25,24,1.0416666666666667,2
98,42_PENTEKTEST_Dog,Person,0.9830508474576272,90,59,1.5254237288135593,2
99,477_KLESZO_Ovis_orientalis,goat/chamois/Ovis_orientalis,0.3181818181818182,166,154,1.077922077922078,2
100,1914_KLESZO_Vulpes_vulpes,mustelid/Felis_silvestris/Vulpes_vulpes,0.7407407407407407,27,27,1.0,1
101,35_PENTEKTEST_Vehicle,Vehicle,1.0,67,67,1.0,1
102,178_PENTEKTEST_Canis_lupus,Dog/Vulpes_vulpes/Canis_lupus,0.3793103448275862,29,29,1.0,1
103,178_PENTEKTEST_Cervus_elaphus,Cervus_elaphus/ibex/chamois,0.058823529411764705,21,17,1.2352941176470589,2
104,16332_KLESZO_Sus_scrofa,ibex/chamois/Sus_scrofa,0.25,4,4,1.0,1
105,293_PENTEKTEST_Capreolus_capreolus,Cervus_elaphus/Ovis_orientalis/Capreolus_capreolus,0.1896551724137931,58,58,1.0,1
106,293_PENTEKTEST_Vehicle,Vehicle,1.0,1,1,1.0,1
107,379_PENTEKTEST_Vehicle,Vehicle,1.0,44,44,1.0,1
108,53_PENTEKTEST_Canis_lupus,Felis_silvestris/Vulpes_vulpes/Canis_lupus,0.46153846153846156,26,26,1.0,1
109,53_PENTEKTEST_Sus_scrofa,Felis_silvestris/Meles_meles/Sus_scrofa,0.12,55,25,2.2,4
110,498_KLESZO_Ovis_orientalis,Capreolus_capreolus/Cervus_elaphus/Ovis_orientalis,0.11864406779661017,118,118,1.0,1
111,391_PENTEKTEST_Cervus_elaphus,chamois/Capreolus_capreolus/Cervus_elaphus,0.5189873417721519,81,79,1.0253164556962024,2
112,33_PENTEKTEST_Dog,Person,1.0,49,47,1.0425531914893618,2
113,10_PENTEKTEST_Capreolus_capreolus,squirrel/Cervus_elaphus/Capreolus_capreolus,0.1744186046511628,87,86,1.0116279069767442,2
114,30037_KLESZO_Sus_scrofa,Meles_meles/Ovis_orientalis/Sus_scrofa,0.3333333333333333,3,3,1.0,1
115,473_KLESZO_Ovis_orientalis,goat/chamois/Ovis_orientalis,0.3076923076923077,768,117,6.564102564102564,10
116,469_PENTEKTEST_Vehicle,Vehicle,0.9583333333333334,48,48,1.0,1
117,507_KLESZO_Ovis_orientalis,Cervus_elaphus/Capreolus_capreolus/Ovis_orientalis,0.2662337662337662,171,154,1.1103896103896105,2
118,412_PENTEKTEST_Person,Person,1.0,65,52,1.25,3
119,494_KLESZO_Ovis_orientalis,goat/chamois/Ovis_orientalis,0.18181818181818182,258,66,3.909090909090909,5
120,359_PENTEKTEST_Person,Person,0.9824561403508771,57,57,1.0,1
121,39_PENTEKTEST_Capreolus_capreolus,ibex/Canis_lupus/Capreolus_capreolus,0.21428571428571427,111,70,1.5857142857142856,2
122,452_PENTEKTEST_Person,Person,1.0,19,19,1.0,1
123,581_PENTEKTEST_Cervus_elaphus,moose/Capreolus_capreolus/Cervus_elaphus,0.5,96,96,1.0,1
124,581_PENTEKTEST_Vehicle,Vehicle,1.0,3,3,1.0,1
125,567_PENTEKTEST_Person,Person,0.9523809523809523,42,42,1.0,1
126,34_PENTEKTEST_Sus_scrofa,Canis_lupus/Sus_scrofa/bird,0.25,5,4,1.25,2
127,34_PENTEKTEST_Felis_silvestris,ibex/cow/chamois,0.14285714285714285,7,7,1.0,1
128,1211_PENTEKTEST_Vulpes_vulpes,Felis_silvestris/mustelid/Vulpes_vulpes,0.4,5,5,1.0,1
129,91_PENTEKTEST_Sus_scrofa,lynx/Meles_meles/Sus_scrofa,0.25925925925925924,54,54,1.0,1
130,2459_KLESZO_Vulpes_vulpes,bird/squirrel/Vulpes_vulpes,0.5,2,2,1.0,1
131,13527_KLESZO_Sus_scrofa,lynx/Meles_meles/Sus_scrofa,0.42857142857142855,7,7,1.0,1
132,624_PENTEKTEST_Person,Person,0.9,20,20,1.0,1
133,624_PENTEKTEST_Vulpes_vulpes,Capreolus_capreolus/Vulpes_vulpes/Canis_lupus,0.1891891891891892,37,37,1.0,1
134,142_PENTEKTEST_Vehicle,Vehicle,1.0,78,78,1.0,1
135,482_KLESZO_Ovis_orientalis,Cervus_elaphus/Capreolus_capreolus/Ovis_orientalis,0.13636363636363635,525,154,3.409090909090909,4
136,291_PENTEKTEST_Capreolus_capreolus,lagomorph/squirrel/Capreolus_capreolus,0.3382352941176471,68,68,1.0,1
137,291_PENTEKTEST_Meles_meles,mustelid/Vulpes_vulpes/Meles_meles,0.3333333333333333,6,6,1.0,1
138,158_PENTEKTEST_Ovis_orientalis,Cervus_elaphus/Capreolus_capreolus/Ovis_orientalis,0.20253164556962025,106,79,1.3417721518987342,2
139,85_PENTEKTEST_Capreolus_capreolus,Cervus_elaphus/fallow deer/Capreolus_capreolus,0.5569620253164557,82,79,1.0379746835443038,2
140,152_PENTEKTEST_Dog,Person,0.7804878048780488,263,123,2.138211382113821,3
141,497_KLESZO_Ovis_orientalis,goat/chamois/Ovis_orientalis,0.09259259259259259,259,108,2.3981481481481484,6
142,865_PENTEKTEST_Vulpes_vulpes,mustelid/Felis_silvestris/Vulpes_vulpes,0.2631578947368421,19,19,1.0,1
143,16329_KLESZO_Sus_scrofa,Vulpes_vulpes/Canis_lupus/Sus_scrofa,0.3333333333333333,3,3,1.0,1
144,13539_KLESZO_Sus_scrofa,bear/Meles_meles/Sus_scrofa,1.0,1,1,1.0,1
145,248_PENTEKTEST_Canis_lupus,Vulpes_vulpes/Felis_silvestris/Canis_lupus,0.25675675675675674,141,74,1.9054054054054055,3
146,100_PENTEKTEST_Meles_meles,Vulpes_vulpes/mustelid/Meles_meles,0.16666666666666666,36,36,1.0,1
147,86_PENTEKTEST_Meles_meles,Vulpes_vulpes/mustelid/Meles_meles,0.3125,17,16,1.0625,2
148,30041_KLESZO_Sus_scrofa,Canis_lupus/Meles_meles/Sus_scrofa,1.0,1,1,1.0,1
149,245_PENTEKTEST_Meles_meles,Vulpes_vulpes/mustelid/Meles_meles,0.38095238095238093,21,21,1.0,1
150,531_PENTEKTEST_Vehicle,Vehicle,1.0,21,21,1.0,1
151,483_PENTEKTEST_Person,Person,1.0,55,55,1.0,1
152,63_PENTEKTEST_Canis_lupus,Felis_silvestris/Vulpes_vulpes/Canis_lupus,0.288135593220339,63,59,1.0677966101694916,2
153,63_PENTEKTEST_Vehicle,Vehicle,1.0,63,63,1.0,1
154,626_PENTEKTEST_Cervus_elaphus,Capreolus_capreolus/chamois/Cervus_elaphus,0.46875,33,32,1.03125,2
155,12059_KLESZO_Sus_scrofa,lynx/Meles_meles/Sus_scrofa,0.16666666666666666,15,6,2.5,3
156,5388_KLESZO_Vulpes_vulpes,Meles_meles/Felis_silvestris/Vulpes_vulpes,1.0,1,1,1.0,1
157,234_PENTEKTEST_Meles_meles,squirrel/mustelid/Meles_meles,0.660377358490566,54,53,1.0188679245283019,2
158,25_KLESZO_Sus_scrofa,bear/Felis_silvestris/Sus_scrofa,1.0,3,1,3.0,3
159,25_KLESZO_Felis_silvestris,Vulpes_vulpes/lynx/Felis_silvestris,0.3,30,30,1.0,1
160,12246_KLESZO_Sus_scrofa,hedgehog/Meles_meles/Sus_scrofa,0.3333333333333333,3,3,1.0,1
161,82_PENTEKTEST_Dog,Person,0.9852941176470589,138,68,2.0294117647058822,3
162,655_PENTEKTEST_Cervus_elaphus,Vulpes_vulpes/Capreolus_capreolus/Cervus_elaphus,0.19298245614035087,181,57,3.175438596491228,4
163,184_PENTEKTEST_Capreolus_capreolus,Vulpes_vulpes/Cervus_elaphus/Capreolus_capreolus,0.14705882352941177,47,34,1.3823529411764706,2
164,16408_KLESZO_Sus_scrofa,Meles_meles/bear/Sus_scrofa,0.25,8,4,2.0,2
165,108_PENTEKTEST_Canis_lupus,Dog/Vulpes_vulpes/Canis_lupus,0.3,48,20,2.4,4
166,294_PENTEKTEST_Canis_lupus,Capreolus_capreolus/Vulpes_vulpes/Canis_lupus,0.2777777777777778,74,72,1.0277777777777777,2
167,253_PENTEKTEST_Canis_lupus,bear/Vulpes_vulpes/Canis_lupus,0.25,84,84,1.0,1
168,5374_KLESZO_Vulpes_vulpes,Felis_silvestris/Canis_lupus/Vulpes_vulpes,0.16666666666666666,6,6,1.0,1
169,240_PENTEKTEST_Vehicle,Vehicle,1.0,63,63,1.0,1
170,21_PENTEKTEST_Canis_lupus,Felis_silvestris/Vulpes_vulpes/Canis_lupus,0.34285714285714286,35,35,1.0,1
171,21_PENTEKTEST_Meles_meles,Vulpes_vulpes/mustelid/Meles_meles,0.38461538461538464,14,13,1.0769230769230769,2
172,5_KLESZO_Dog,Felis_silvestris/Canis_lupus/Dog,0.8076923076923077,52,52,1.0,1
173,12028_KLESZO_Sus_scrofa,Vulpes_vulpes/bear/Sus_scrofa,0.3333333333333333,3,3,1.0,1
174,23_PENTEKTEST_Capreolus_capreolus,chamois/Cervus_elaphus/Capreolus_capreolus,0.35185185185185186,54,54,1.0,1
175,156_PENTEKTEST_Capreolus_capreolus,chamois/Capreolus_capreolus/Cervus_elaphus,0.2777777777777778,62,54,1.1481481481481481,2
176,22_PENTEKTEST_Canis_lupus,Vulpes_vulpes/Dog/Canis_lupus,0.3235294117647059,34,34,1.0,1
177,22_PENTEKTEST_Ovis_orientalis,bird/Ovis_orientalis/chamois,0.25,10,4,2.5,3
178,12049_KLESZO_Sus_scrofa,lynx/Meles_meles/Sus_scrofa,0.4,9,5,1.8,2
179,5371_KLESZO_Vulpes_vulpes,mustelid/squirrel/Vulpes_vulpes,0.9137931034482759,58,58,1.0,1
180,196_PENTEKTEST_Person,Person,0.8823529411764706,34,34,1.0,1
181,12069_KLESZO_Sus_scrofa,lynx/Meles_meles/Sus_scrofa,0.4,7,5,1.4,3
182,1130_PENTEKTEST_Vulpes_vulpes,squirrel/mustelid/Vulpes_vulpes,0.475,40,40,1.0,1
183,1329_PENTEKTEST_Vulpes_vulpes,squirrel/mustelid/Vulpes_vulpes,0.5,40,40,1.0,1
184,36_PENTEKTEST_Canis_lupus,Felis_silvestris/Vulpes_vulpes/Canis_lupus,0.7341772151898734,79,79,1.0,1
185,407_PENTEKTEST_Cervus_elaphus,Vulpes_vulpes/Capreolus_capreolus/Cervus_elaphus,0.5223880597014925,67,67,1.0,1
186,414_PENTEKTEST_Person,Person,1.0,69,63,1.0952380952380953,2
187,468_PENTEKTEST_Person,Person,0.8607594936708861,304,79,3.848101265822785,8
188,96_PENTEKTEST_Canis_lupus,lynx/Vulpes_vulpes/Canis_lupus,0.5,6,6,1.0,1
189,96_PENTEKTEST_Capreolus_capreolus,fallow deer/Cervus_elaphus/Capreolus_capreolus,0.24050632911392406,79,79,1.0,1
190,50_PENTEKTEST_Sus_scrofa,Meles_meles/Felis_silvestris/Sus_scrofa,0.25,6,4,1.5,2
191,376_KLESZO_Ovis_orientalis,bird/ibex/Ovis_orientalis,0.17567567567567569,213,74,2.8783783783783785,4
192,724_PENTEKTEST_Cervus_elaphus,fallow deer/Capreolus_capreolus/Cervus_elaphus,0.2727272727272727,22,22,1.0,1
193,476_KLESZO_Ovis_orientalis,Cervus_elaphus/fallow deer/Ovis_orientalis,0.24096385542168675,127,83,1.5301204819277108,2
194,480_KLESZO_Ovis_orientalis,goat/chamois/Ovis_orientalis,0.2112676056338028,852,142,6.0,9
195,12256_KLESZO_Sus_scrofa,Vulpes_vulpes/Cervus_elaphus/Sus_scrofa,0.3333333333333333,3,3,1.0,1
196,505_PENTEKTEST_Vehicle,Vehicle,1.0,15,15,1.0,1
197,494_PENTEKTEST_Person,Person,0.9873417721518988,94,79,1.1898734177215189,3
198,447_PENTEKTEST_Vulpes_vulpes,squirrel/mustelid/Vulpes_vulpes,0.15,20,20,1.0,1
199,114_PENTEKTEST_Vehicle,Person,0.9873417721518988,167,79,2.1139240506329116,3
200,490_KLESZO_Ovis_orientalis,Cervus_elaphus/Capreolus_capreolus/Ovis_orientalis,0.19480519480519481,395,154,2.564935064935065,3
201,5379_KLESZO_Vulpes_vulpes,squirrel/mustelid/Vulpes_vulpes,0.5714285714285714,70,70,1.0,1
202,488_PENTEKTEST_Person,Person,1.0,46,20,2.3,3
203,150_PENTEKTEST_Dog,Vulpes_vulpes/Canis_lupus/Dog,0.42857142857142855,14,14,1.0,1
204,717_PENTEKTEST_Vulpes_vulpes,Capreolus_capreolus/Canis_lupus/Vulpes_vulpes,0.3103448275862069,29,29,1.0,1
205,1230_PENTEKTEST_Vulpes_vulpes,mustelid/squirrel/Vulpes_vulpes,0.4489795918367347,49,49,1.0,1
206,65_PENTEKTEST_Dog,Person,1.0,340,87,3.9080459770114944,6
207,475_PENTEKTEST_Cervus_elaphus,squirrel/Capreolus_capreolus/Cervus_elaphus,0.7721518987341772,79,79,1.0,1
208,325_PENTEKTEST_Person,Person,1.0,35,18,1.9444444444444444,3
209,945_PENTEKTEST_Vulpes_vulpes,mustelid/Felis_silvestris/Vulpes_vulpes,0.20634920634920634,63,63,1.0,1
210,149_PENTEKTEST_Dog,Person,1.0,262,67,3.91044776119403,4
211,27_PENTEKTEST_Dog,Person,1.0,353,73,4.835616438356165,7
212,370_KLESZO_Felis_silvestris,genet/raccoon/Felis_silvestris,0.5333333333333333,30,30,1.0,1
213,9896_KLESZO_Vehicle,Vehicle,1.0,28,28,1.0,1
214,279_PENTEKTEST_Capreolus_capreolus,squirrel/Cervus_elaphus/Capreolus_capreolus,0.2328767123287671,146,73,2.0,2
215,12118_KLESZO_Sus_scrofa,Vulpes_vulpes/Felis_silvestris/Sus_scrofa,0.3333333333333333,5,3,1.6666666666666667,2
216,967_PENTEKTEST_Vulpes_vulpes,squirrel/mustelid/Vulpes_vulpes,0.3709677419354839,62,62,1.0,1
217,3733_KLESZO_Vulpes_vulpes,mustelid/squirrel/Vulpes_vulpes,0.30952380952380953,42,42,1.0,1
218,126_KLESZO_Canis_lupus,Vulpes_vulpes/fallow deer/Canis_lupus,0.3787878787878788,66,66,1.0,1
219,502_KLESZO_Ovis_orientalis,fallow deer/chamois/Ovis_orientalis,0.14754098360655737,88,61,1.4426229508196722,2
220,12081_KLESZO_Sus_scrofa,Meles_meles/lynx/Sus_scrofa,0.5,4,4,1.0,1
221,13540_KLESZO_Sus_scrofa,Capreolus_capreolus/Meles_meles/Sus_scrofa,0.4,10,5,2.0,2
222,230_PENTEKTEST_Person,Person,0.9166666666666666,12,12,1.0,1
223,5373_KLESZO_Vulpes_vulpes,squirrel/mustelid/Vulpes_vulpes,0.3548387096774194,31,31,1.0,1
224,3726_KLESZO_Vulpes_vulpes,mustelid/squirrel/Vulpes_vulpes,0.46153846153846156,13,13,1.0,1
225,472_KLESZO_Ovis_orientalis,goat/chamois/Ovis_orientalis,0.09740259740259741,422,154,2.74025974025974,3
226,47_PENTEKTEST_Felis_silvestris,bird/lynx/Felis_silvestris,0.2037037037037037,54,54,1.0,1
227,47_PENTEKTEST_Ovis_orientalis,moose/chamois/Ovis_orientalis,0.37037037037037035,54,54,1.0,1
228,126_PENTEKTEST_Dog,Felis_silvestris/Canis_lupus/Dog,0.2948717948717949,131,78,1.6794871794871795,3
229,122_PENTEKTEST_Capreolus_capreolus,lagomorph/Cervus_elaphus/Capreolus_capreolus,0.6176470588235294,69,68,1.0147058823529411,2
230,404_PENTEKTEST_Cervus_elaphus,Sus_scrofa/Capreolus_capreolus/Cervus_elaphus,0.33783783783783783,74,74,1.0,1
231,499_PENTEKTEST_Cervus_elaphus,fallow deer/Capreolus_capreolus/Cervus_elaphus,0.21052631578947367,168,57,2.9473684210526314,4
232,4365_KLESZO_Sus_scrofa,sheep/bear/Sus_scrofa,0.2,5,5,1.0,1
233,941_PENTEKTEST_Vulpes_vulpes,squirrel/mustelid/Vulpes_vulpes,0.3888888888888889,36,36,1.0,1
234,3688_KLESZO_Vulpes_vulpes,reindeer/Vulpes_vulpes/Canis_lupus,0.2,10,10,1.0,1
235,11_PENTEKTEST_Dog,Felis_silvestris/Canis_lupus/Dog,0.22972972972972974,76,74,1.027027027027027,2
236,52_PENTEKTEST_Sus_scrofa,mustelid/lagomorph/Sus_scrofa,0.6582278481012658,103,79,1.3037974683544304,2
237,220_KLESZO_Dog,Felis_silvestris/Canis_lupus/Dog,0.25,8,8,1.0,1
238,367_KLESZO_Felis_silvestris,Vulpes_vulpes/lynx/Felis_silvestris,0.5,4,4,1.0,1
239,109_PENTEKTEST_Meles_meles,squirrel/mustelid/Meles_meles,0.6216216216216216,37,37,1.0,1
240,422_PENTEKTEST_Vulpes_vulpes,Cervus_elaphus/Canis_lupus/Vulpes_vulpes,0.25,4,4,1.0,1
241,12159_KLESZO_Sus_scrofa,mustelid/Meles_meles/Sus_scrofa,0.2,12,5,2.4,3
242,4496_KLESZO_Sus_scrofa,bear/Meles_meles/Sus_scrofa,0.3333333333333333,6,3,2.0,2
243,11_KLESZO_Sus_scrofa,Felis_silvestris/bison/Sus_scrofa,0.5,6,2,3.0,3
244,3_KLESZO_Sus_scrofa,bear/Meles_meles/Sus_scrofa,0.3333333333333333,3,3,1.0,1
245,3_KLESZO_Dog,Vulpes_vulpes/Dog/Canis_lupus,0.3125,16,16,1.0,1
246,12264_KLESZO_Sus_scrofa,Meles_meles/Dog/Sus_scrofa,1.0,2,1,2.0,2
247,311_PENTEKTEST_Person,Person,0.20253164556962025,79,79,1.0,1
248,111_PENTEKTEST_Dog,Person,1.0,36,28,1.2857142857142858,2
249,30055_KLESZO_Sus_scrofa,bear/Meles_meles/Sus_scrofa,0.42857142857142855,7,7,1.0,1
250,33160_KLESZO_Sus_scrofa,Cervus_elaphus/Meles_meles/Sus_scrofa,0.5,2,2,1.0,1
251,298_PENTEKTEST_Vehicle,Vehicle,1.0,11,11,1.0,1
252,1775_KLESZO_Vulpes_vulpes,squirrel/bird/Vulpes_vulpes,0.2972972972972973,74,74,1.0,1
253,79_PENTEKTEST_Sus_scrofa,cow/chamois/Sus_scrofa,0.2222222222222222,18,18,1.0,1
254,16398_KLESZO_Sus_scrofa,lagomorph/lynx/Sus_scrofa,0.3333333333333333,16,6,2.6666666666666665,3
255,13549_KLESZO_Sus_scrofa,lynx/Meles_meles/Sus_scrofa,0.4,12,5,2.4,4
256,5387_KLESZO_Vulpes_vulpes,Meles_meles/mustelid/Vulpes_vulpes,0.25,4,4,1.0,1
257,625_PENTEKTEST_Vulpes_vulpes,moose/Capreolus_capreolus/Cervus_elaphus,0.4457831325301205,91,83,1.0963855421686748,2
258,12213_KLESZO_Sus_scrofa,Meles_meles/bison/Sus_scrofa,0.2222222222222222,9,9,1.0,1
259,4893_KLESZO_Vulpes_vulpes,squirrel/mustelid/Vulpes_vulpes,0.90625,32,32,1.0,1
260,33153_KLESZO_Sus_scrofa,Meles_meles/lynx/Sus_scrofa,0.5,8,8,1.0,1
261,30043_KLESZO_Sus_scrofa,Meles_meles/chamois/Sus_scrofa,0.5,4,4,1.0,1
262,12076_KLESZO_Sus_scrofa,Meles_meles/Vulpes_vulpes/Sus_scrofa,0.16666666666666666,7,6,1.1666666666666667,2
263,5402_KLESZO_Vulpes_vulpes,mustelid/Felis_silvestris/Vulpes_vulpes,0.2727272727272727,22,22,1.0,1
264,257_PENTEKTEST_Meles_meles,squirrel/mustelid/Meles_meles,0.9245283018867925,54,53,1.0188679245283019,2
265,260_KLESZO_Dog,Person,0.7971014492753623,131,69,1.8985507246376812,3
266,441_KLESZO_Canis_lupus,Felis_silvestris/Canis_lupus/Vulpes_vulpes,0.4,25,25,1.0,1
267,16_PENTEKTEST_Meles_meles,Vulpes_vulpes/mustelid/Meles_meles,0.13333333333333333,46,45,1.0222222222222221,2
268,12125_KLESZO_Sus_scrofa,cow/bison/Sus_scrofa,0.2857142857142857,12,7,1.7142857142857142,2
269,12137_KLESZO_Sus_scrofa,Capreolus_capreolus/cow/Sus_scrofa,0.2,10,5,2.0,3
270,9884_KLESZO_Vehicle,Vehicle,1.0,5,5,1.0,1
271,1303_KLESZO_Sus_scrofa,mustelid/chamois/Sus_scrofa,0.25,4,4,1.0,1
272,128_PENTEKTEST_Capreolus_capreolus,chamois/Cervus_elaphus/Capreolus_capreolus,0.29508196721311475,62,61,1.0163934426229508,2
273,1_PENTEKTEST_Capreolus_capreolus,Vulpes_vulpes/Cervus_elaphus/Capreolus_capreolus,0.11764705882352941,17,17,1.0,1
274,1_PENTEKTEST_Sus_scrofa,lynx/Meles_meles/Sus_scrofa,0.13333333333333333,15,15,1.0,1
275,1_PENTEKTEST_Ovis_orientalis,Ovis_orientalis/goat/fallow deer,1.0,1,1,1.0,1
276,493_KLESZO_Ovis_orientalis,Capreolus_capreolus/chamois/Ovis_orientalis,0.18333333333333332,121,60,2.0166666666666666,3
277,394_PENTEKTEST_Person,Person,1.0,41,41,1.0,1
278,62_PENTEKTEST_Canis_lupus,cow/Vulpes_vulpes/Canis_lupus,0.2222222222222222,18,18,1.0,1
279,62_PENTEKTEST_Felis_silvestris,lynx/Canis_lupus/Felis_silvestris,0.14285714285714285,7,7,1.0,1
280,80_PENTEKTEST_Canis_lupus,Felis_silvestris/Vulpes_vulpes/Canis_lupus,0.42857142857142855,14,14,1.0,1
281,80_PENTEKTEST_Felis_silvestris,Felis_silvestris/squirrel/mustelid,0.2,20,20,1.0,1
282,38_PENTEKTEST_Meles_meles,mustelid/Vulpes_vulpes/Meles_meles,0.2,15,15,1.0,1
283,12083_KLESZO_Sus_scrofa,Vulpes_vulpes/Capreolus_capreolus/Sus_scrofa,0.3333333333333333,6,3,2.0,2
284,75_PENTEKTEST_Sus_scrofa,Meles_meles/Felis_silvestris/Sus_scrofa,0.5,2,2,1.0,1
285,75_PENTEKTEST_Felis_silvestris,mustelid/Canis_lupus/Felis_silvestris,0.25,40,40,1.0,1
286,316_PENTEKTEST_Meles_meles,Vulpes_vulpes/mustelid/Meles_meles,0.5238095238095238,42,42,1.0,1
287,12180_KLESZO_Sus_scrofa,Canis_lupus/Felis_silvestris/Sus_scrofa,0.1111111111111111,12,9,1.3333333333333333,2
288,5369_KLESZO_Vulpes_vulpes,squirrel/mustelid/Vulpes_vulpes,0.4375,16,16,1.0,1
289,261_KLESZO_Dog,Person,1.0,82,37,2.2162162162162162,3
290,16527_KLESZO_Sus_scrofa,Meles_meles/lagomorph/Sus_scrofa,0.6666666666666666,3,3,1.0,1
291,1770_KLESZO_Vulpes_vulpes,Dog/Canis_lupus/Vulpes_vulpes,0.16923076923076924,68,65,1.0461538461538462,2
292,12041_KLESZO_Sus_scrofa,Felis_silvestris/bear/Sus_scrofa,1.0,1,1,1.0,1
293,5354_KLESZO_Vulpes_vulpes,squirrel/bird/Vulpes_vulpes,0.6444444444444445,46,45,1.0222222222222221,2
294,12060_KLESZO_Sus_scrofa,Cervus_elaphus/chamois/Sus_scrofa,0.2,5,5,1.0,1
295,33157_KLESZO_Sus_scrofa,lynx/Meles_meles/Sus_scrofa,0.5,18,18,1.0,1
296,12068_KLESZO_Sus_scrofa,hedgehog/Meles_meles/Sus_scrofa,0.25,7,4,1.75,2
297,5390_KLESZO_Vulpes_vulpes,Felis_silvestris/mustelid/Vulpes_vulpes,0.4,5,5,1.0,1
298,26_PENTEKTEST_Meles_meles,lagomorph/mustelid/Meles_meles,0.23076923076923078,16,13,1.2307692307692308,2
299,12030_KLESZO_Sus_scrofa,Canis_lupus/Meles_meles/Sus_scrofa,0.5,3,2,1.5,2
300,12217_KLESZO_Sus_scrofa,mustelid/Meles_meles/Sus_scrofa,0.3333333333333333,11,6,1.8333333333333333,3
301,117_PENTEKTEST_Vehicle,Vehicle,0.96875,32,32,1.0,1
302,32818_KLESZO_Sus_scrofa,lagomorph/Dog/Sus_scrofa,1.0,1,1,1.0,1
303,33163_KLESZO_Sus_scrofa,lynx/Meles_meles/Sus_scrofa,0.35714285714285715,14,14,1.0,1
304,12258_KLESZO_Sus_scrofa,Vulpes_vulpes/Sus_scrofa/chamois,0.5,2,2,1.0,1
305,48_PENTEKTEST_Vehicle,Vehicle,1.0,19,18,1.0555555555555556,2
306,33155_KLESZO_Sus_scrofa,bison/bear/Sus_scrofa,0.25,8,8,1.0,1
307,12099_KLESZO_Sus_scrofa,Meles_meles/lynx/Sus_scrofa,0.5,16,8,2.0,2
308,313_PENTEKTEST_Vulpes_vulpes,Meles_meles/Felis_silvestris/Vulpes_vulpes,0.3076923076923077,13,13,1.0,1
309,12227_KLESZO_Sus_scrofa,ibex/chamois/Sus_scrofa,0.25,8,8,1.0,1
310,1304_KLESZO_Sus_scrofa,sheep/Meles_meles/Sus_scrofa,0.6666666666666666,3,3,1.0,1
311,16396_KLESZO_Sus_scrofa,lynx/Capreolus_capreolus/Sus_scrofa,0.25,12,8,1.5,2
312,33171_KLESZO_Sus_scrofa,Meles_meles/lynx/Sus_scrofa,0.7777777777777778,9,9,1.0,1
313,463_PENTEKTEST_Cervus_elaphus,Capreolus_capreolus/cow/Cervus_elaphus,0.2857142857142857,7,7,1.0,1
314,296_PENTEKTEST_Vehicle,bison/cow/goat,0.5,2,2,1.0,1
315,4375_KLESZO_Sus_scrofa,lynx/Meles_meles/Sus_scrofa,0.5,8,8,1.0,1
316,78_PENTEKTEST_Canis_lupus,Dog/Vulpes_vulpes/Canis_lupus,0.22727272727272727,43,22,1.9545454545454546,2
317,78_PENTEKTEST_Capreolus_capreolus,Cervus_elaphus/Capreolus_capreolus/lagomorph,0.5,2,2,1.0,1
318,101_PENTEKTEST_Ovis_orientalis,bird/chamois/Ovis_orientalis,0.5,9,2,4.5,5
319,12266_KLESZO_Sus_scrofa,Vulpes_vulpes/Meles_meles/Sus_scrofa,0.5,8,2,4.0,4
320,684_PENTEKTEST_Vulpes_vulpes,mustelid/Felis_silvestris/Vulpes_vulpes,1.0,2,2,1.0,1
321,14_KLESZO_Sus_scrofa,hedgehog/Meles_meles/Sus_scrofa,1.0,1,1,1.0,1
322,4500_KLESZO_Sus_scrofa,Meles_meles/bear/Sus_scrofa,0.5,4,4,1.0,1
323,12220_KLESZO_Sus_scrofa,cow/chamois/Sus_scrofa,0.3333333333333333,3,3,1.0,1
324,746_PENTEKTEST_Vulpes_vulpes,squirrel/mustelid/Vulpes_vulpes,0.2608695652173913,23,23,1.0,1
325,4359_KLESZO_Sus_scrofa,lynx/Meles_meles/Sus_scrofa,0.2,16,10,1.6,2
326,578_PENTEKTEST_Person,Person,1.0,19,19,1.0,1
327,369_PENTEKTEST_Vulpes_vulpes,squirrel/Meles_meles/mustelid,0.16666666666666666,7,6,1.1666666666666667,2
328,12045_KLESZO_Sus_scrofa,Capreolus_capreolus/nutria/Sus_scrofa,0.3333333333333333,3,3,1.0,1
329,12240_KLESZO_Sus_scrofa,Capreolus_capreolus/bison/Sus_scrofa,0.25,6,4,1.5,2
330,137_PENTEKTEST_Dog,Person,1.0,84,42,2.0,3
331,13532_KLESZO_Sus_scrofa,Vulpes_vulpes/Meles_meles/Sus_scrofa,0.3333333333333333,9,9,1.0,1
332,12234_KLESZO_Sus_scrofa,Dog/bison/Sus_scrofa,0.8333333333333334,51,12,4.25,5
333,16330_KLESZO_Sus_scrofa,lynx/Meles_meles/Sus_scrofa,0.375,9,8,1.125,2
334,12223_KLESZO_Sus_scrofa,reindeer/Canis_lupus/chamois,0.3333333333333333,6,3,2.0,2
335,1202_PENTEKTEST_Vulpes_vulpes,Meles_meles/Canis_lupus/Vulpes_vulpes,0.25,4,4,1.0,1
336,0_KLESZO_Dog,Felis_silvestris/Canis_lupus/Dog,1.0,1,1,1.0,1
337,12071_KLESZO_Sus_scrofa,chamois/Meles_meles/Sus_scrofa,0.3333333333333333,9,6,1.5,2
338,1315_KLESZO_Sus_scrofa,Capreolus_capreolus/lagomorph/Sus_scrofa,0.25,6,4,1.5,2
339,154_KLESZO_Canis_lupus,Felis_silvestris/lynx/Canis_lupus,0.09523809523809523,24,21,1.1428571428571428,2
340,12188_KLESZO_Sus_scrofa,Cervus_elaphus/Vulpes_vulpes/Sus_scrofa,0.2,5,5,1.0,1
341,33156_KLESZO_Sus_scrofa,Meles_meles/lynx/Sus_scrofa,1.0,3,3,1.0,1
342,304_PENTEKTEST_Capreolus_capreolus,lagomorph/Canis_lupus/Capreolus_capreolus,0.2835820895522388,67,67,1.0,1
343,2438_KLESZO_Vulpes_vulpes,squirrel/bird/Vulpes_vulpes,0.8888888888888888,9,9,1.0,1
344,3678_KLESZO_Vulpes_vulpes,squirrel/bird/Vulpes_vulpes,0.25,12,12,1.0,1
345,12153_KLESZO_Sus_scrofa,lynx/Meles_meles/Sus_scrofa,0.3333333333333333,16,3,5.333333333333333,7
346,12064_KLESZO_Sus_scrofa,Meles_meles/Vulpes_vulpes/Sus_scrofa,0.5,8,4,2.0,3
347,9895_KLESZO_Vehicle,Vehicle,1.0,4,4,1.0,1
348,12156_KLESZO_Sus_scrofa,lynx/genet/Sus_scrofa,0.24,69,25,2.76,8
349,12222_KLESZO_Sus_scrofa,Vulpes_vulpes/chamois/Sus_scrofa,0.3333333333333333,6,6,1.0,1
350,58_KLESZO_Felis_silvestris,raccoon/Vulpes_vulpes/Felis_silvestris,0.4,5,5,1.0,1
351,58_KLESZO_Dog,bird/Dog/goat,0.25,4,4,1.0,1
352,5361_KLESZO_Vulpes_vulpes,squirrel/bird/Vulpes_vulpes,0.16666666666666666,12,12,1.0,1
353,193_PENTEKTEST_Capreolus_capreolus,Ovis_orientalis/Cervus_elaphus/Capreolus_capreolus,0.27586206896551724,29,29,1.0,1
354,193_PENTEKTEST_Meles_meles,Vulpes_vulpes/mustelid/Meles_meles,0.32142857142857145,28,28,1.0,1
355,16334_KLESZO_Sus_scrofa,Vulpes_vulpes/Capreolus_capreolus/Sus_scrofa,0.3333333333333333,6,3,2.0,2
356,103_PENTEKTEST_Sus_scrofa,Meles_meles/Sus_scrofa/mustelid,0.14285714285714285,14,14,1.0,1
357,145_KLESZO_Felis_silvestris,Vulpes_vulpes/lynx/Felis_silvestris,0.2,25,25,1.0,1
358,308_PENTEKTEST_Meles_meles,Vulpes_vulpes/mustelid/Meles_meles,0.22580645161290322,31,31,1.0,1
359,94_PENTEKTEST_Canis_lupus,Vulpes_vulpes/Dog/Canis_lupus,0.16666666666666666,6,6,1.0,1
360,1915_KLESZO_Vulpes_vulpes,squirrel/mustelid/Vulpes_vulpes,0.9333333333333333,30,30,1.0,1
361,5410_KLESZO_Vulpes_vulpes,mustelid/Felis_silvestris/Vulpes_vulpes,1.0,1,1,1.0,1
362,107_PENTEKTEST_Canis_lupus,Felis_silvestris/Vulpes_vulpes/Canis_lupus,0.25,8,8,1.0,1
363,12208_KLESZO_Sus_scrofa,Meles_meles/chamois/Sus_scrofa,0.6666666666666666,3,3,1.0,1
364,130_KLESZO_Felis_silvestris,raccoon/lynx/Felis_silvestris,0.2,20,20,1.0,1
365,131_KLESZO_Felis_silvestris,raccoon/lynx/Felis_silvestris,0.2857142857142857,14,14,1.0,1
366,23_KLESZO_Sus_scrofa,chamois/mustelid/Sus_scrofa,1.0,1,1,1.0,1
367,519_PENTEKTEST_Vehicle,Vehicle,0.6,16,15,1.0666666666666667,2
368,5392_KLESZO_Vulpes_vulpes,Meles_meles/mustelid/Vulpes_vulpes,0.3076923076923077,13,13,1.0,1
369,33170_KLESZO_Sus_scrofa,lynx/Meles_meles/Sus_scrofa,0.3333333333333333,9,9,1.0,1
370,844_PENTEKTEST_Vulpes_vulpes,Cervus_elaphus/Sus_scrofa/Canis_lupus,0.5,2,2,1.0,1
371,262_PENTEKTEST_Canis_lupus,Vulpes_vulpes/Dog/Canis_lupus,0.3076923076923077,26,26,1.0,1
372,3686_KLESZO_Vulpes_vulpes,ibex/Sus_scrofa/Vulpes_vulpes,0.5,2,2,1.0,1
373,12032_KLESZO_Sus_scrofa,mustelid/bison/Sus_scrofa,0.16666666666666666,13,6,2.1666666666666665,3
374,12033_KLESZO_Sus_scrofa,lagomorph/Dog/Sus_scrofa,0.3333333333333333,3,3,1.0,1
375,369_KLESZO_Felis_silvestris,Canis_lupus/lynx/Felis_silvestris,0.5,4,4,1.0,1
376,33169_KLESZO_Sus_scrofa,Meles_meles/lynx/Sus_scrofa,1.0,10,10,1.0,1
377,26_KLESZO_Sus_scrofa,bear/Dog/Sus_scrofa,0.5,4,2,2.0,2
378,13534_KLESZO_Sus_scrofa,bear/Meles_meles/Sus_scrofa,0.25,8,8,1.0,1
379,140_PENTEKTEST_Ovis_orientalis,chamois/cow/Ovis_orientalis,0.2,15,10,1.5,2
380,13541_KLESZO_Sus_scrofa,Cervus_elaphus/cow/Sus_scrofa,0.5,3,2,1.5,2
381,12141_KLESZO_Sus_scrofa,chamois/Meles_meles/Sus_scrofa,0.3333333333333333,3,3,1.0,1
382,481_KLESZO_Ovis_orientalis,sheep/fallow deer/Ovis_orientalis,0.2,35,35,1.0,1
383,173_PENTEKTEST_Meles_meles,lagomorph/micromammal/Meles_meles,0.4,5,5,1.0,1
384,16388_KLESZO_Sus_scrofa,Meles_meles/lynx/Sus_scrofa,0.5,5,2,2.5,3
385,208_PENTEKTEST_Vulpes_vulpes,Meles_meles/squirrel/Vulpes_vulpes,1.0,1,1,1.0,1
386,12131_KLESZO_Sus_scrofa,cow/bison/Sus_scrofa,0.75,8,4,2.0,2
387,12245_KLESZO_Sus_scrofa,hedgehog/Vulpes_vulpes/Sus_scrofa,0.25,4,4,1.0,1
388,4900_KLESZO_Vulpes_vulpes,mustelid/Felis_silvestris/Vulpes_vulpes,1.0,1,1,1.0,1
389,12202_KLESZO_Sus_scrofa,Meles_meles/chamois/Sus_scrofa,0.3333333333333333,13,6,2.1666666666666665,3
390,12242_KLESZO_Sus_scrofa,chamois/Meles_meles/Sus_scrofa,0.2857142857142857,23,7,3.2857142857142856,4
391,6_PENTEKTEST_Sus_scrofa,raccoon/Canis_lupus/Sus_scrofa,0.08333333333333333,12,12,1.0,1
392,1184_PENTEKTEST_Vulpes_vulpes,Felis_silvestris/mustelid/Vulpes_vulpes,0.3333333333333333,3,3,1.0,1
393,12117_KLESZO_Sus_scrofa,Canis_lupus/Meles_meles/Sus_scrofa,0.1,23,10,2.3,3
394,1292_KLESZO_Sus_scrofa,Meles_meles/lynx/Sus_scrofa,0.3333333333333333,3,3,1.0,1
395,12115_KLESZO_Sus_scrofa,ibex/goat/Sus_scrofa,0.25,9,4,2.25,3
396,12162_KLESZO_Sus_scrofa,Dog/Capreolus_capreolus/Sus_scrofa,0.5,7,2,3.5,4
397,338_PENTEKTEST_Person,Person,1.0,38,38,1.0,1
398,12226_KLESZO_Sus_scrofa,hedgehog/bear/Sus_scrofa,0.16666666666666666,14,6,2.3333333333333335,3
399,12235_KLESZO_Sus_scrofa,lynx/Meles_meles/Sus_scrofa,0.5,3,2,1.5,2
400,1283_KLESZO_Sus_scrofa,cow/bison/Sus_scrofa,0.5,4,2,2.0,2
401,402_PENTEKTEST_Cervus_elaphus,Vulpes_vulpes/Capreolus_capreolus/Cervus_elaphus,1.0,3,3,1.0,1
402,136_PENTEKTEST_Vehicle,Vehicle,1.0,25,24,1.0416666666666667,2
403,12132_KLESZO_Sus_scrofa,Meles_meles/chamois/Sus_scrofa,0.3,10,10,1.0,1
404,12184_KLESZO_Sus_scrofa,Vulpes_vulpes/Meles_meles/Sus_scrofa,0.2857142857142857,9,7,1.2857142857142858,2
405,155_PENTEKTEST_Vulpes_vulpes,cow/mustelid/squirrel,0.4,5,5,1.0,1
406,20759_KLESZO_Sus_scrofa,Canis_lupus/Felis_silvestris/Sus_scrofa,0.3333333333333333,4,3,1.3333333333333333,2
407,133_PENTEKTEST_Canis_lupus,Dog/Felis_silvestris/Canis_lupus,0.16666666666666666,6,6,1.0,1
408,166_PENTEKTEST_Canis_lupus,Vulpes_vulpes/Felis_silvestris/Canis_lupus,0.3684210526315789,19,19,1.0,1
409,12107_KLESZO_Sus_scrofa,bison/Meles_meles/Sus_scrofa,0.2,12,5,2.4,3
410,5366_KLESZO_Vulpes_vulpes,squirrel/mustelid/Vulpes_vulpes,0.5483870967741935,31,31,1.0,1
411,1043_PENTEKTEST_Vulpes_vulpes,mustelid/squirrel/Vulpes_vulpes,1.0,2,2,1.0,1
412,12142_KLESZO_Sus_scrofa,Meles_meles/lynx/Sus_scrofa,0.5,2,2,1.0,1
413,0_PENTEKTEST_Meles_meles,Vulpes_vulpes/mustelid/Meles_meles,0.6,6,5,1.2,2
414,4366_KLESZO_Sus_scrofa,bear/bison/Sus_scrofa,0.375,8,8,1.0,1
415,43_PENTEKTEST_Felis_silvestris,Canis_lupus/lagomorph/Felis_silvestris,0.16666666666666666,6,6,1.0,1
416,16397_KLESZO_Sus_scrofa,Vulpes_vulpes/lynx/Sus_scrofa,0.2857142857142857,7,7,1.0,1
417,12088_KLESZO_Sus_scrofa,Meles_meles/cow/Sus_scrofa,0.09090909090909091,28,11,2.5454545454545454,4
418,12211_KLESZO_Sus_scrofa,Meles_meles/mustelid/Sus_scrofa,1.0,1,1,1.0,1
419,154_PENTEKTEST_Canis_lupus,Vulpes_vulpes/Dog/Canis_lupus,0.7692307692307693,13,13,1.0,1
420,235_PENTEKTEST_Canis_lupus,Vulpes_vulpes/Dog/Canis_lupus,0.7142857142857143,8,7,1.1428571428571428,2
421,166_KLESZO_Felis_silvestris,Canis_lupus/lynx/Felis_silvestris,1.0,1,1,1.0,1
422,236_PENTEKTEST_Vulpes_vulpes,mustelid/squirrel/Vulpes_vulpes,0.36363636363636365,11,11,1.0,1
423,1311_KLESZO_Sus_scrofa,Capreolus_capreolus/cow/Cervus_elaphus,0.3333333333333333,8,3,2.6666666666666665,3
424,12109_KLESZO_Sus_scrofa,Vulpes_vulpes/Meles_meles/Sus_scrofa,0.14285714285714285,16,7,2.2857142857142856,3
425,237_PENTEKTEST_Cervus_elaphus,sheep/chamois/Cervus_elaphus,1.0,1,1,1.0,1
426,12086_KLESZO_Sus_scrofa,hedgehog/Meles_meles/Sus_scrofa,0.25,9,4,2.25,3
427,12097_KLESZO_Sus_scrofa,lynx/Meles_meles/Sus_scrofa,0.5,24,6,4.0,4
428,4377_KLESZO_Sus_scrofa,Capreolus_capreolus/chamois/Sus_scrofa,0.14285714285714285,10,7,1.4285714285714286,3
429,12176_KLESZO_Sus_scrofa,bison/lynx/Sus_scrofa,0.5,11,2,5.5,6
430,12106_KLESZO_Sus_scrofa,bear/Meles_meles/Sus_scrofa,0.3333333333333333,7,3,2.3333333333333335,3
431,16405_KLESZO_Sus_scrofa,lynx/lagomorph/Sus_scrofa,0.3333333333333333,7,3,2.3333333333333335,3
432,12044_KLESZO_Sus_scrofa,Meles_meles/chamois/Sus_scrofa,0.14285714285714285,8,7,1.1428571428571428,2
433,16333_KLESZO_Sus_scrofa,Capreolus_capreolus/Cervus_elaphus/Sus_scrofa,0.1111111111111111,15,9,1.6666666666666667,3
434,13529_KLESZO_Sus_scrofa,chamois/bison/Sus_scrofa,0.25,4,4,1.0,1
435,4_KLESZO_Sus_scrofa,Meles_meles/chamois/Sus_scrofa,0.5,3,2,1.5,2
436,12239_KLESZO_Sus_scrofa,ibex/Vulpes_vulpes/Sus_scrofa,0.3333333333333333,8,3,2.6666666666666665,4
437,386_PENTEKTEST_Person,Person,0.5714285714285714,49,21,2.3333333333333335,4
438,33168_KLESZO_Sus_scrofa,Meles_meles/bear/Sus_scrofa,0.3333333333333333,12,12,1.0,1
439,232_PENTEKTEST_Capreolus_capreolus,fallow deer/Cervus_elaphus/Capreolus_capreolus,0.3333333333333333,9,9,1.0,1
440,5406_KLESZO_Vulpes_vulpes,Meles_meles/Felis_silvestris/Vulpes_vulpes,0.25,24,24,1.0,1
441,4376_KLESZO_Sus_scrofa,Dog/bison/Sus_scrofa,0.3333333333333333,3,3,1.0,1
442,12197_KLESZO_Sus_scrofa,Dog/cow/Sus_scrofa,0.5,11,4,2.75,3
443,12126_KLESZO_Sus_scrofa,Vulpes_vulpes/Meles_meles/Sus_scrofa,0.16666666666666666,11,6,1.8333333333333333,4
444,1784_KLESZO_Vulpes_vulpes,bird/squirrel/Vulpes_vulpes,0.5,6,6,1.0,1
445,4497_KLESZO_Sus_scrofa,chamois/Felis_silvestris/Sus_scrofa,1.0,1,1,1.0,1
446,12163_KLESZO_Sus_scrofa,Meles_meles/lynx/Sus_scrofa,0.3333333333333333,5,3,1.6666666666666667,2
447,202_PENTEKTEST_Vehicle,Vehicle,1.0,7,7,1.0,1
448,33154_KLESZO_Sus_scrofa,Capreolus_capreolus/Meles_meles/Sus_scrofa,0.5,6,6,1.0,1
449,12215_KLESZO_Sus_scrofa,cow/Meles_meles/Sus_scrofa,1.0,1,1,1.0,1
450,12212_KLESZO_Sus_scrofa,Cervus_elaphus/Capreolus_capreolus/Sus_scrofa,0.3333333333333333,3,3,1.0,1
451,12182_KLESZO_Sus_scrofa,mustelid/cow/Sus_scrofa,0.3333333333333333,9,3,3.0,3
452,16410_KLESZO_Sus_scrofa,Meles_meles/lynx/Sus_scrofa,0.3333333333333333,3,3,1.0,1
453,13538_KLESZO_Sus_scrofa,lynx/Meles_meles/Sus_scrofa,0.25,8,8,1.0,1
454,12123_KLESZO_Sus_scrofa,reindeer/bison/Sus_scrofa,0.125,10,8,1.25,2
455,1268_KLESZO_Sus_scrofa,cow/lagomorph/Sus_scrofa,0.5,3,2,1.5,2
456,12053_KLESZO_Sus_scrofa,Meles_meles/lynx/Sus_scrofa,0.4,23,5,4.6,6
457,13526_KLESZO_Sus_scrofa,cow/bear/Sus_scrofa,0.2857142857142857,7,7,1.0,1
458,12236_KLESZO_Sus_scrofa,Vulpes_vulpes/Felis_silvestris/Sus_scrofa,0.3333333333333333,3,3,1.0,1
459,12084_KLESZO_Sus_scrofa,bear/bison/Sus_scrofa,0.14285714285714285,7,7,1.0,1
460,852_PENTEKTEST_Vulpes_vulpes,Felis_silvestris/Vulpes_vulpes/Canis_lupus,1.0,1,1,1.0,1
461,83_PENTEKTEST_Canis_lupus,Vulpes_vulpes/Dog/Canis_lupus,0.6666666666666666,9,9,1.0,1
462,20753_KLESZO_Sus_scrofa,bear/mustelid/Sus_scrofa,1.0,1,1,1.0,1
463,12074_KLESZO_Sus_scrofa,Capreolus_capreolus/Vulpes_vulpes/Sus_scrofa,0.3333333333333333,7,3,2.3333333333333335,3
464,269_KLESZO_Felis_silvestris,Canis_lupus/Vulpes_vulpes/Felis_silvestris,0.5,8,8,1.0,1
465,841_PENTEKTEST_Vulpes_vulpes,Felis_silvestris/mustelid/Vulpes_vulpes,1.0,1,1,1.0,1
466,20758_KLESZO_Sus_scrofa,chamois/mustelid/Sus_scrofa,1.0,1,1,1.0,1
467,12199_KLESZO_Sus_scrofa,Vulpes_vulpes/Meles_meles/Sus_scrofa,0.4,12,5,2.4,3
468,640_PENTEKTEST_Vehicle,Vehicle,1.0,2,2,1.0,1
469,12110_KLESZO_Sus_scrofa,cow/Dog/Sus_scrofa,0.25,5,4,1.25,2
470,607_PENTEKTEST_Vulpes_vulpes,Canis_lupus/Dog/Vulpes_vulpes,1.0,1,1,1.0,1
471,12038_KLESZO_Sus_scrofa,chamois/Cervus_elaphus/Sus_scrofa,0.3333333333333333,5,3,1.6666666666666667,2
472,20_KLESZO_Sus_scrofa,Felis_silvestris/Meles_meles/Sus_scrofa,0.3333333333333333,4,3,1.3333333333333333,2
473,12265_KLESZO_Sus_scrofa,Capreolus_capreolus/hedgehog/Sus_scrofa,0.2,5,5,1.0,1
474,16395_KLESZO_Sus_scrofa,Meles_meles/lynx/Sus_scrofa,0.3333333333333333,6,6,1.0,1
475,12051_KLESZO_Sus_scrofa,Vulpes_vulpes/Capreolus_capreolus/Sus_scrofa,0.2,5,5,1.0,1
476,12037_KLESZO_Sus_scrofa,Meles_meles/lynx/Sus_scrofa,1.0,1,1,1.0,1
477,132_PENTEKTEST_Canis_lupus,Vulpes_vulpes/Felis_silvestris/Canis_lupus,0.4,10,10,1.0,1
478,132_PENTEKTEST_Dog,Person,0.3333333333333333,12,6,2.0,3
479,13523_KLESZO_Sus_scrofa,Meles_meles/Felis_silvestris/Sus_scrofa,1.0,1,1,1.0,1
480,12195_KLESZO_Sus_scrofa,Meles_meles/lynx/Sus_scrofa,0.15789473684210525,26,19,1.368421052631579,4
481,139_PENTEKTEST_Canis_lupus,lagomorph/Vulpes_vulpes/Canis_lupus,0.2608695652173913,23,23,1.0,1
482,1309_KLESZO_Sus_scrofa,chamois/Meles_meles/Sus_scrofa,0.25,9,4,2.25,3
483,12155_KLESZO_Sus_scrofa,Capreolus_capreolus/Meles_meles/Sus_scrofa,0.3333333333333333,6,6,1.0,1
484,470_PENTEKTEST_Person,Person,1.0,13,13,1.0,1
485,470_PENTEKTEST_Vulpes_vulpes,mustelid/squirrel/Vulpes_vulpes,0.3333333333333333,27,27,1.0,1
486,12181_KLESZO_Sus_scrofa,ibex/Meles_meles/Sus_scrofa,0.5,8,4,2.0,2
487,1159_PENTEKTEST_Vulpes_vulpes,mustelid/Felis_silvestris/Vulpes_vulpes,0.3333333333333333,3,3,1.0,1
488,12139_KLESZO_Sus_scrofa,Dog/bison/Sus_scrofa,0.3333333333333333,6,3,2.0,2
489,12073_KLESZO_Sus_scrofa,lynx/Meles_meles/Sus_scrofa,1.0,5,1,5.0,5
490,1280_KLESZO_Sus_scrofa,cow/Cervus_elaphus/Sus_scrofa,0.5,3,2,1.5,2
491,1282_KLESZO_Sus_scrofa,lagomorph/Meles_meles/Sus_scrofa,0.5,6,4,1.5,2
492,9886_KLESZO_Vehicle,Vehicle,1.0,5,5,1.0,1
493,24_KLESZO_Sus_scrofa,Meles_meles/bison/Sus_scrofa,0.125,8,8,1.0,1
494,33151_KLESZO_Sus_scrofa,lynx/Meles_meles/Sus_scrofa,1.0,5,5,1.0,1
495,33166_KLESZO_Sus_scrofa,bear/bison/Sus_scrofa,0.6666666666666666,3,3,1.0,1
496,408_PENTEKTEST_Vulpes_vulpes,Meles_meles/mustelid/Vulpes_vulpes,1.0,1,1,1.0,1
497,12237_KLESZO_Sus_scrofa,Vulpes_vulpes/Meles_meles/Sus_scrofa,0.3333333333333333,3,3,1.0,1
498,33159_KLESZO_Sus_scrofa,lynx/Meles_meles/Sus_scrofa,0.5,14,14,1.0,1
499,12116_KLESZO_Sus_scrofa,lynx/Meles_meles/Sus_scrofa,1.0,4,2,2.0,2
500,977_PENTEKTEST_Vulpes_vulpes,Canis_lupus/chamois/marmot,0.125,8,8,1.0,1
501,3707_KLESZO_Vulpes_vulpes,squirrel/Canis_lupus/Vulpes_vulpes,0.25,8,8,1.0,1
502,153_PENTEKTEST_Canis_lupus,Dog/lagomorph/Canis_lupus,0.3333333333333333,3,3,1.0,1
503,1301_KLESZO_Sus_scrofa,lynx/Meles_meles/Sus_scrofa,0.6,10,5,2.0,2
504,12034_KLESZO_Sus_scrofa,Sus_scrofa/chamois/Cervus_elaphus,0.3333333333333333,7,6,1.1666666666666667,2
505,13546_KLESZO_Sus_scrofa,Meles_meles/bear/Sus_scrofa,0.4,6,5,1.2,2
506,12254_KLESZO_Sus_scrofa,Capreolus_capreolus/Cervus_elaphus/Sus_scrofa,0.5,2,2,1.0,1
507,30069_KLESZO_Sus_scrofa,Dog/Meles_meles/Sus_scrofa,0.6666666666666666,11,3,3.6666666666666665,4
508,33152_KLESZO_Sus_scrofa,Meles_meles/Capreolus_capreolus/Sus_scrofa,0.5,4,4,1.0,1
509,441_PENTEKTEST_Person,Person,1.0,1,1,1.0,1
510,360_PENTEKTEST_Vehicle,Vehicle,1.0,7,7,1.0,1
511,12175_KLESZO_Sus_scrofa,Meles_meles/Vulpes_vulpes/Sus_scrofa,0.4,10,5,2.0,3
512,12095_KLESZO_Sus_scrofa,Meles_meles/Vulpes_vulpes/Sus_scrofa,0.5,4,4,1.0,1
513,12111_KLESZO_Sus_scrofa,Capreolus_capreolus/lynx/Sus_scrofa,0.4,10,5,2.0,2
514,12092_KLESZO_Sus_scrofa,chamois/Meles_meles/Sus_scrofa,0.3333333333333333,12,6,2.0,2
515,12145_KLESZO_Sus_scrofa,Vulpes_vulpes/chamois/Sus_scrofa,0.2,5,5,1.0,1
516,12102_KLESZO_Sus_scrofa,Capreolus_capreolus/chamois/Sus_scrofa,0.5,4,4,1.0,1
517,29_KLESZO_Felis_silvestris,lynx/Canis_lupus/Felis_silvestris,1.0,3,3,1.0,1
518,12152_KLESZO_Sus_scrofa,Vulpes_vulpes/reindeer/Sus_scrofa,0.5,5,2,2.5,3
519,12209_KLESZO_Sus_scrofa,Felis_silvestris/Meles_meles/Sus_scrofa,0.5,12,4,3.0,5
520,12233_KLESZO_Sus_scrofa,Meles_meles/lynx/Sus_scrofa,0.3333333333333333,9,6,1.5,2
521,12196_KLESZO_Sus_scrofa,Meles_meles/Vulpes_vulpes/Sus_scrofa,0.42857142857142855,19,7,2.7142857142857144,3
522,12179_KLESZO_Sus_scrofa,Cervus_elaphus/Capreolus_capreolus/Sus_scrofa,0.4,5,5,1.0,1
523,12077_KLESZO_Sus_scrofa,ibex/chamois/Sus_scrofa,0.25,11,8,1.375,2
524,199_PENTEKTEST_Canis_lupus,lagomorph/Vulpes_vulpes/Canis_lupus,0.5,2,2,1.0,1
525,1316_KLESZO_Sus_scrofa,Meles_meles/chamois/Sus_scrofa,0.2857142857142857,7,7,1.0,1
526,16391_KLESZO_Sus_scrofa,Meles_meles/lynx/Sus_scrofa,1.0,3,3,1.0,1
527,12219_KLESZO_Sus_scrofa,chamois/Dog/Sus_scrofa,0.5,6,4,1.5,2
528,12143_KLESZO_Sus_scrofa,Vulpes_vulpes/Sus_scrofa/mustelid,1.0,1,1,1.0,1
529,13542_KLESZO_Sus_scrofa,lagomorph/Meles_meles/Sus_scrofa,0.3333333333333333,8,6,1.3333333333333333,2
530,12075_KLESZO_Sus_scrofa,Cervus_elaphus/Sus_scrofa/Vulpes_vulpes,0.2,7,5,1.4,2
531,12043_KLESZO_Sus_scrofa,chamois/Meles_meles/Sus_scrofa,0.2,9,5,1.8,3
532,12252_KLESZO_Sus_scrofa,Capreolus_capreolus/Cervus_elaphus/chamois,1.0,1,1,1.0,1
533,34_KLESZO_Sus_scrofa,mustelid/bear/Sus_scrofa,1.0,1,1,1.0,1
534,1287_KLESZO_Sus_scrofa,bear/bison/Sus_scrofa,0.5,6,2,3.0,4
535,12104_KLESZO_Sus_scrofa,Felis_silvestris/chamois/Sus_scrofa,0.2,5,5,1.0,1
536,13544_KLESZO_Sus_scrofa,bear/Meles_meles/Sus_scrofa,0.5,2,2,1.0,1
537,12206_KLESZO_Sus_scrofa,Dog/Meles_meles/Sus_scrofa,0.4,25,5,5.0,6
538,200_PENTEKTEST_Meles_meles,squirrel/mustelid/Meles_meles,0.5,4,4,1.0,1
539,12089_KLESZO_Sus_scrofa,Cervus_elaphus/chamois/Sus_scrofa,0.5,4,2,2.0,2
540,4360_KLESZO_Sus_scrofa,Meles_meles/Cervus_elaphus/Sus_scrofa,0.2,10,5,2.0,4
541,1380_PENTEKTEST_Vulpes_vulpes,squirrel/Canis_lupus/Vulpes_vulpes,0.4,5,5,1.0,1
542,33165_KLESZO_Sus_scrofa,nutria/Meles_meles/Sus_scrofa,0.5,2,2,1.0,1
543,12249_KLESZO_Sus_scrofa,bison/Meles_meles/Sus_scrofa,0.25,21,8,2.625,4
544,12144_KLESZO_Sus_scrofa,Meles_meles/cow/Sus_scrofa,0.5,9,4,2.25,3
545,33164_KLESZO_Sus_scrofa,bison/Felis_silvestris/Sus_scrofa,0.3333333333333333,3,3,1.0,1
546,594_PENTEKTEST_Vehicle,Vehicle,1.0,3,3,1.0,1
547,287_PENTEKTEST_Canis_lupus,Dog/Vulpes_vulpes/Canis_lupus,1.0,6,3,2.0,2
548,12082_KLESZO_Sus_scrofa,Dog/chamois/Sus_scrofa,0.3333333333333333,8,3,2.6666666666666665,3
549,436_KLESZO_Vulpes_vulpes,Meles_meles/Felis_silvestris/Vulpes_vulpes,0.5,6,4,1.5,2
550,20749_KLESZO_Sus_scrofa,bear/Meles_meles/Sus_scrofa,0.5,2,2,1.0,1
551,4370_KLESZO_Sus_scrofa,Meles_meles/lynx/Sus_scrofa,0.2857142857142857,15,7,2.142857142857143,4
552,35_KLESZO_Sus_scrofa,Dog/bison/Sus_scrofa,0.5,2,2,1.0,1
553,13548_KLESZO_Sus_scrofa,lynx/Meles_meles/Sus_scrofa,0.5,2,2,1.0,1
554,12203_KLESZO_Sus_scrofa,mustelid/chamois/Sus_scrofa,0.25,6,4,1.5,2
555,12105_KLESZO_Sus_scrofa,Capreolus_capreolus/bison/Sus_scrofa,1.0,1,1,1.0,1
556,12072_KLESZO_Sus_scrofa,Vulpes_vulpes/cow/Sus_scrofa,0.5,7,2,3.5,4
557,12260_KLESZO_Sus_scrofa,hedgehog/Dog/Sus_scrofa,0.16666666666666666,12,6,2.0,5
558,12079_KLESZO_Sus_scrofa,lynx/Meles_meles/Sus_scrofa,0.3333333333333333,12,6,2.0,3
559,30066_KLESZO_Sus_scrofa,Meles_meles/bear/Sus_scrofa,1.0,1,1,1.0,1
560,12183_KLESZO_Sus_scrofa,mustelid/Meles_meles/Sus_scrofa,0.5,4,2,2.0,2
561,12229_KLESZO_Sus_scrofa,cow/Dog/Sus_scrofa,1.0,2,1,2.0,2
562,12218_KLESZO_Sus_scrofa,Vulpes_vulpes/Dog/Sus_scrofa,0.2857142857142857,9,7,1.2857142857142858,2
563,30050_KLESZO_Sus_scrofa,chamois/bear/Sus_scrofa,0.3333333333333333,3,3,1.0,1
564,167_KLESZO_Felis_silvestris,Vulpes_vulpes/genet/Felis_silvestris,0.5,2,2,1.0,1
565,12130_KLESZO_Sus_scrofa,Vulpes_vulpes/Felis_silvestris/Sus_scrofa,0.14285714285714285,27,7,3.857142857142857,5
566,1274_KLESZO_Sus_scrofa,Cervus_elaphus/Capreolus_capreolus/Sus_scrofa,0.3333333333333333,10,6,1.6666666666666667,2
567,12134_KLESZO_Sus_scrofa,lynx/Meles_meles/Sus_scrofa,0.5,2,2,1.0,1
568,30054_KLESZO_Sus_scrofa,mustelid/Meles_meles/Sus_scrofa,0.3333333333333333,13,3,4.333333333333333,5
569,12221_KLESZO_Sus_scrofa,Vulpes_vulpes/Dog/Sus_scrofa,1.0,1,1,1.0,1
570,569_PENTEKTEST_Vehicle,Vehicle,1.0,11,11,1.0,1
571,32931_KLESZO_Sus_scrofa,Vulpes_vulpes/Meles_meles/Sus_scrofa,0.25,12,4,3.0,4
572,12114_KLESZO_Sus_scrofa,Dog/cow/Sus_scrofa,0.3333333333333333,14,3,4.666666666666667,6
573,20754_KLESZO_Sus_scrofa,Dog/Felis_silvestris/Sus_scrofa,0.5,2,2,1.0,1
574,1291_KLESZO_Sus_scrofa,hedgehog/lynx/Sus_scrofa,0.5,5,2,2.5,3
575,283_PENTEKTEST_Meles_meles,cow/Sus_scrofa/Meles_meles,0.25,8,8,1.0,1
576,627_KLESZO_Sus_scrofa,lagomorph/bear/Sus_scrofa,0.3333333333333333,3,3,1.0,1
577,4776_KLESZO_Sus_scrofa,Dog/Meles_meles/Sus_scrofa,0.6,5,5,1.0,1
578,28_KLESZO_Sus_scrofa,Vulpes_vulpes/bear/Sus_scrofa,0.5,2,2,1.0,1
579,13_KLESZO_Sus_scrofa,Felis_silvestris/Meles_meles/Sus_scrofa,0.5,7,4,1.75,2
580,1312_KLESZO_Sus_scrofa,lynx/Meles_meles/Sus_scrofa,0.3333333333333333,3,3,1.0,1
581,12160_KLESZO_Sus_scrofa,equid/chamois/Sus_scrofa,0.3333333333333333,3,3,1.0,1
582,12158_KLESZO_Sus_scrofa,Vulpes_vulpes/Dog/Sus_scrofa,0.3333333333333333,12,6,2.0,2
583,179_PENTEKTEST_Vulpes_vulpes,Capreolus_capreolus/Canis_lupus/Vulpes_vulpes,0.5,2,2,1.0,1
584,12128_KLESZO_Sus_scrofa,Cervus_elaphus/hedgehog/Sus_scrofa,0.25,4,4,1.0,1
585,13543_KLESZO_Sus_scrofa,lynx/Meles_meles/Sus_scrofa,0.8333333333333334,11,6,1.8333333333333333,2
586,12263_KLESZO_Sus_scrofa,Dog/Meles_meles/Sus_scrofa,0.5,13,4,3.25,4
587,13524_KLESZO_Sus_scrofa,lynx/Meles_meles/Sus_scrofa,0.75,4,4,1.0,1
588,17523_KLESZO_Sus_scrofa,Meles_meles/Dog/Sus_scrofa,0.3333333333333333,3,3,1.0,1
589,12057_KLESZO_Sus_scrofa,Capreolus_capreolus/Vulpes_vulpes/Sus_scrofa,0.2222222222222222,21,9,2.3333333333333335,3
590,4372_KLESZO_Sus_scrofa,Meles_meles/Vulpes_vulpes/Sus_scrofa,0.5,4,4,1.0,1
591,4373_KLESZO_Sus_scrofa,bison/bear/Sus_scrofa,0.5,3,2,1.5,2
592,12066_KLESZO_Sus_scrofa,lynx/Meles_meles/Sus_scrofa,1.0,2,1,2.0,2
593,12138_KLESZO_Sus_scrofa,cow/Meles_meles/Sus_scrofa,1.0,3,1,3.0,3
594,13530_KLESZO_Sus_scrofa,Meles_meles/hedgehog/Sus_scrofa,0.16666666666666666,10,6,1.6666666666666667,2
595,16411_KLESZO_Sus_scrofa,Meles_meles/lynx/Sus_scrofa,0.4,5,5,1.0,1
596,1281_KLESZO_Sus_scrofa,lynx/Meles_meles/Sus_scrofa,0.6,5,5,1.0,1
597,12192_KLESZO_Sus_scrofa,Dog/cow/Sus_scrofa,0.5,2,2,1.0,1
598,442_PENTEKTEST_Person,Person,1.0,9,9,1.0,1
599,1293_KLESZO_Sus_scrofa,cow/bison/Sus_scrofa,1.0,4,1,4.0,4
600,16399_KLESZO_Sus_scrofa,Canis_lupus/Vulpes_vulpes/Sus_scrofa,0.3333333333333333,3,3,1.0,1
601,12216_KLESZO_Sus_scrofa,Vulpes_vulpes/Meles_meles/Sus_scrofa,0.5,5,2,2.5,3
602,1277_KLESZO_Sus_scrofa,lagomorph/Meles_meles/Sus_scrofa,1.0,3,3,1.0,1
603,12133_KLESZO_Sus_scrofa,reindeer/Canis_lupus/Sus_scrofa,0.5,9,2,4.5,5
604,168_KLESZO_Felis_silvestris,lynx/raccoon/Felis_silvestris,1.0,1,1,1.0,1
605,16407_KLESZO_Sus_scrofa,Dog/cow/Sus_scrofa,1.0,2,1,2.0,2
606,12136_KLESZO_Sus_scrofa,Vulpes_vulpes/Meles_meles/Sus_scrofa,0.3333333333333333,3,3,1.0,1
607,12167_KLESZO_Sus_scrofa,Capreolus_capreolus/Sus_scrofa/chamois,0.5,3,2,1.5,2
608,212_PENTEKTEST_Cervus_elaphus,sheep/goat/reindeer,0.3333333333333333,3,3,1.0,1
609,12207_KLESZO_Sus_scrofa,Cervus_elaphus/chamois/Sus_scrofa,0.5,6,4,1.5,3
610,6_KLESZO_Dog,Person,1.0,28,9,3.111111111111111,4
611,626_KLESZO_Sus_scrofa,lynx/Meles_meles/Sus_scrofa,0.5,6,6,1.0,1
612,12191_KLESZO_Sus_scrofa,chamois/Meles_meles/Sus_scrofa,0.5,2,2,1.0,1
613,33161_KLESZO_Sus_scrofa,cow/Dog/Sus_scrofa,0.5,4,4,1.0,1
614,13547_KLESZO_Sus_scrofa,lagomorph/Meles_meles/Sus_scrofa,0.5,2,2,1.0,1
615,7_KLESZO_Sus_scrofa,Meles_meles/genet/Vulpes_vulpes,1.0,1,1,1.0,1
616,13531_KLESZO_Sus_scrofa,lynx/Meles_meles/Sus_scrofa,0.6666666666666666,3,3,1.0,1
617,12098_KLESZO_Sus_scrofa,Meles_meles/bear/Sus_scrofa,1.0,3,1,3.0,3
618,12112_KLESZO_Sus_scrofa,chamois/ibex/Sus_scrofa,1.0,2,1,2.0,2
619,13536_KLESZO_Sus_scrofa,Vulpes_vulpes/Meles_meles/Sus_scrofa,0.5,4,4,1.0,1
620,12063_KLESZO_Sus_scrofa,bison/bear/Sus_scrofa,0.3333333333333333,7,3,2.3333333333333335,3
621,482_PENTEKTEST_Vehicle,Vehicle,1.0,3,3,1.0,1
622,12090_KLESZO_Sus_scrofa,Cervus_elaphus/Capreolus_capreolus/Sus_scrofa,0.3333333333333333,3,3,1.0,1
623,16400_KLESZO_Sus_scrofa,genet/lynx/Sus_scrofa,0.3333333333333333,6,3,2.0,2
624,16401_KLESZO_Sus_scrofa,Meles_meles/squirrel/Sus_scrofa,0.16666666666666666,6,6,1.0,1
625,30048_KLESZO_Sus_scrofa,Meles_meles/Dog/Sus_scrofa,0.3333333333333333,3,3,1.0,1
626,30063_KLESZO_Sus_scrofa,Meles_meles/chamois/Sus_scrofa,0.5,2,2,1.0,1
627,12113_KLESZO_Sus_scrofa,squirrel/Meles_meles/Sus_scrofa,0.5,4,2,2.0,2
628,4225_KLESZO_Vulpes_vulpes,squirrel/bird/Vulpes_vulpes,0.75,4,4,1.0,1
629,12250_KLESZO_Sus_scrofa,Meles_meles/lynx/Sus_scrofa,0.6666666666666666,26,6,4.333333333333333,5
630,30038_KLESZO_Sus_scrofa,lagomorph/bison/Sus_scrofa,1.0,1,1,1.0,1
631,31_KLESZO_Sus_scrofa,cow/bison/Sus_scrofa,0.3333333333333333,3,3,1.0,1
632,12224_KLESZO_Sus_scrofa,Cervus_elaphus/chamois/Sus_scrofa,1.0,1,1,1.0,1
633,267_PENTEKTEST_Vulpes_vulpes,genet/mustelid/Vulpes_vulpes,0.3333333333333333,3,3,1.0,1
634,1299_KLESZO_Sus_scrofa,lagomorph/Meles_meles/Sus_scrofa,1.0,2,2,1.0,1
635,30056_KLESZO_Sus_scrofa,lynx/Meles_meles/Sus_scrofa,0.5,2,2,1.0,1
636,12040_KLESZO_Sus_scrofa,Cervus_elaphus/chamois/Sus_scrofa,0.6666666666666666,3,3,1.0,1
637,33167_KLESZO_Sus_scrofa,bear/Meles_meles/Sus_scrofa,1.0,1,1,1.0,1
638,20756_KLESZO_Sus_scrofa,Felis_silvestris/Dog/Sus_scrofa,1.0,1,1,1.0,1
639,1307_KLESZO_Sus_scrofa,cow/bison/Sus_scrofa,0.5,2,2,1.0,1
640,32932_KLESZO_Sus_scrofa,lagomorph/Felis_silvestris/Sus_scrofa,0.3333333333333333,6,3,2.0,2
641,112_PENTEKTEST_Capreolus_capreolus,reindeer/chamois/Canis_lupus,0.5,2,2,1.0,1
642,12198_KLESZO_Sus_scrofa,Canis_lupus/chamois/Sus_scrofa,0.25,4,4,1.0,1
643,12157_KLESZO_Sus_scrofa,Meles_meles/Dog/Sus_scrofa,0.5,4,2,2.0,3
644,12214_KLESZO_Sus_scrofa,cow/Dog/Sus_scrofa,0.5,2,2,1.0,1
645,8_KLESZO_Sus_scrofa,Dog/Felis_silvestris/Sus_scrofa,0.3333333333333333,7,3,2.3333333333333335,3
646,12101_KLESZO_Sus_scrofa,Vulpes_vulpes/mustelid/Sus_scrofa,1.0,1,1,1.0,1
647,30070_KLESZO_Sus_scrofa,Felis_silvestris/Dog/Sus_scrofa,0.5,12,2,6.0,6
648,456_KLESZO_Dog,Canis_lupus/Felis_silvestris/Dog,0.75,4,4,1.0,1
649,4895_KLESZO_Vulpes_vulpes,squirrel/mustelid/Vulpes_vulpes,1.0,1,1,1.0,1
650,12257_KLESZO_Sus_scrofa,Meles_meles/chamois/Sus_scrofa,0.5,4,2,2.0,2
651,13537_KLESZO_Sus_scrofa,Meles_meles/Cervus_elaphus/Sus_scrofa,1.0,1,1,1.0,1
652,1288_KLESZO_Sus_scrofa,Canis_lupus/cow/Sus_scrofa,0.5,4,2,2.0,2
653,12247_KLESZO_Sus_scrofa,lynx/Meles_meles/Sus_scrofa,1.0,2,2,1.0,1
654,12135_KLESZO_Sus_scrofa,Vulpes_vulpes/Dog/Sus_scrofa,0.3333333333333333,5,3,1.6666666666666667,3
655,12129_KLESZO_Sus_scrofa,bison/chamois/Sus_scrofa,1.0,1,1,1.0,1
656,12039_KLESZO_Sus_scrofa,mustelid/Meles_meles/Sus_scrofa,1.0,1,1,1.0,1
657,1272_KLESZO_Sus_scrofa,mustelid/bear/Sus_scrofa,1.0,1,1,1.0,1
658,1270_KLESZO_Sus_scrofa,bison/chamois/Sus_scrofa,0.5,3,2,1.5,2
659,20757_KLESZO_Sus_scrofa,Meles_meles/Sus_scrofa/squirrel,1.0,2,1,2.0,2
660,12194_KLESZO_Sus_scrofa,Dog/Meles_meles/Sus_scrofa,0.5,2,2,1.0,1
661,12168_KLESZO_Sus_scrofa,Vulpes_vulpes/Dog/Sus_scrofa,0.5,3,2,1.5,2
662,16402_KLESZO_Sus_scrofa,Meles_meles/lynx/Sus_scrofa,1.0,1,1,1.0,1
663,12050_KLESZO_Sus_scrofa,Vulpes_vulpes/Capreolus_capreolus/Sus_scrofa,0.3333333333333333,3,3,1.0,1
664,16390_KLESZO_Sus_scrofa,squirrel/lynx/Sus_scrofa,1.0,2,2,1.0,1
665,4357_KLESZO_Sus_scrofa,Vulpes_vulpes/hedgehog/Sus_scrofa,0.5,3,2,1.5,2
666,701_PENTEKTEST_Vulpes_vulpes,Felis_silvestris/mustelid/Vulpes_vulpes,0.5,2,2,1.0,1
667,33162_KLESZO_Sus_scrofa,Meles_meles/lynx/Sus_scrofa,1.0,1,1,1.0,1
668,13535_KLESZO_Sus_scrofa,lynx/Meles_meles/Sus_scrofa,1.0,1,1,1.0,1
669,4778_KLESZO_Sus_scrofa,Felis_silvestris/Meles_meles/Sus_scrofa,0.75,4,4,1.0,1
670,12173_KLESZO_Sus_scrofa,reindeer/Sus_scrofa/lagomorph,0.5,6,2,3.0,3
671,12259_KLESZO_Sus_scrofa,lynx/chamois/Sus_scrofa,0.4,10,5,2.0,2
672,30065_KLESZO_Sus_scrofa,bison/Dog/Sus_scrofa,1.0,1,1,1.0,1
673,15_KLESZO_Sus_scrofa,Vulpes_vulpes/Dog/Sus_scrofa,1.0,1,1,1.0,1
674,30078_KLESZO_Sus_scrofa,hedgehog/Meles_meles/Sus_scrofa,1.0,1,1,1.0,1
675,12047_KLESZO_Sus_scrofa,bison/Dog/Sus_scrofa,1.0,1,1,1.0,1
676,1286_KLESZO_Sus_scrofa,bear/Meles_meles/Sus_scrofa,0.5,4,2,2.0,2
677,30036_KLESZO_Sus_scrofa,cow/Dog/Sus_scrofa,1.0,3,1,3.0,3
678,27_KLESZO_Sus_scrofa,Felis_silvestris/Dog/Sus_scrofa,1.0,1,1,1.0,1
679,12094_KLESZO_Sus_scrofa,lynx/Meles_meles/Sus_scrofa,0.3333333333333333,7,3,2.3333333333333335,3
680,95_PENTEKTEST_Person,Vulpes_vulpes/Dog/bird,1.0,1,1,1.0,1
681,132_KLESZO_Felis_silvestris,lynx/Vulpes_vulpes/Felis_silvestris,1.0,1,1,1.0,1
682,30060_KLESZO_Sus_scrofa,Meles_meles/bear/Sus_scrofa,0.3333333333333333,3,3,1.0,1
683,12140_KLESZO_Sus_scrofa,Meles_meles/chamois/Sus_scrofa,1.0,1,1,1.0,1
684,12187_KLESZO_Sus_scrofa,cow/bison/Sus_scrofa,0.3333333333333333,8,3,2.6666666666666665,3
685,12_KLESZO_Sus_scrofa,Dog/Vulpes_vulpes/Sus_scrofa,1.0,3,1,3.0,3
686,5404_KLESZO_Sus_scrofa,lynx/Meles_meles/Sus_scrofa,1.0,1,1,1.0,1
687,32820_KLESZO_Sus_scrofa,Meles_meles/lagomorph/Sus_scrofa,1.0,1,1,1.0,1
688,12103_KLESZO_Sus_scrofa,lagomorph/mustelid/Sus_scrofa,0.3333333333333333,3,3,1.0,1
689,12190_KLESZO_Sus_scrofa,bear/bison/Sus_scrofa,1.0,4,1,4.0,4
690,16393_KLESZO_Sus_scrofa,Meles_meles/lynx/Sus_scrofa,1.0,2,1,2.0,2
691,12036_KLESZO_Sus_scrofa,bear/Capreolus_capreolus/Sus_scrofa,1.0,1,1,1.0,1
692,4362_KLESZO_Sus_scrofa,lynx/Meles_meles/Sus_scrofa,1.0,1,1,1.0,1
693,12065_KLESZO_Sus_scrofa,Meles_meles/chamois/Sus_scrofa,1.0,1,1,1.0,1
694,1279_KLESZO_Sus_scrofa,lagomorph/Meles_meles/Sus_scrofa,0.5,8,2,4.0,4
695,364_PENTEKTEST_Vehicle,Vehicle,1.0,2,2,1.0,1
696,12205_KLESZO_Sus_scrofa,Capreolus_capreolus/Meles_meles/Sus_scrofa,1.0,1,1,1.0,1
697,370_PENTEKTEST_Vulpes_vulpes,mustelid/genet/Vulpes_vulpes,1.0,1,1,1.0,1
698,30058_KLESZO_Sus_scrofa,chamois/Meles_meles/Sus_scrofa,1.0,1,1,1.0,1
699,12186_KLESZO_Sus_scrofa,cow/bison/Sus_scrofa,0.5,3,2,1.5,2
700,12174_KLESZO_Sus_scrofa,lynx/Meles_meles/Sus_scrofa,1.0,2,1,2.0,2
701,30077_KLESZO_Sus_scrofa,Dog/bison/Sus_scrofa,1.0,7,1,7.0,7
702,18_KLESZO_Sus_scrofa,Dog/Felis_silvestris/Sus_scrofa,0.5,2,2,1.0,1
703,1296_KLESZO_Sus_scrofa,Capreolus_capreolus/lagomorph/Sus_scrofa,1.0,1,1,1.0,1
704,976_PENTEKTEST_Vulpes_vulpes,Felis_silvestris/Capreolus_capreolus/Vulpes_vulpes,1.0,1,1,1.0,1
705,4503_KLESZO_Sus_scrofa,Capreolus_capreolus/Meles_meles/Sus_scrofa,0.5,2,2,1.0,1
706,12093_KLESZO_Sus_scrofa,bear/Meles_meles/Sus_scrofa,1.0,2,1,2.0,2
707,12087_KLESZO_Sus_scrofa,Meles_meles/cow/Sus_scrofa,0.5,4,2,2.0,2
708,19_KLESZO_Sus_scrofa,Vulpes_vulpes/bear/Sus_scrofa,1.0,1,1,1.0,1
709,12251_KLESZO_Sus_scrofa,Vulpes_vulpes/Meles_meles/Sus_scrofa,1.0,1,1,1.0,1
710,33158_KLESZO_Sus_scrofa,sheep/cow/Sus_scrofa,0.25,4,4,1.0,1
711,12189_KLESZO_Sus_scrofa,Felis_silvestris/Meles_meles/Sus_scrofa,0.3333333333333333,3,3,1.0,1
712,1332_PENTEKTEST_Vulpes_vulpes,squirrel/mustelid/Vulpes_vulpes,1.0,1,1,1.0,1
713,820_PENTEKTEST_Vulpes_vulpes,mustelid/squirrel/Vulpes_vulpes,1.0,1,1,1.0,1
714,9892_KLESZO_Vehicle,Felis_silvestris/mustelid/Vulpes_vulpes,1.0,1,1,1.0,1
715,2380_KLESZO_Vulpes_vulpes,squirrel/mustelid/Vulpes_vulpes,1.0,1,1,1.0,1
716,118_PENTEKTEST_Canis_lupus,Person,1.0,3,1,3.0,3
717,1317_KLESZO_Sus_scrofa,ibex/Meles_meles/Sus_scrofa,1.0,1,1,1.0,1
718,20750_KLESZO_Sus_scrofa,chamois/Meles_meles/Sus_scrofa,1.0,1,1,1.0,1
719,21_KLESZO_Sus_scrofa,genet/lagomorph/mustelid,0.3333333333333333,3,3,1.0,1
720,12204_KLESZO_Sus_scrofa,Meles_meles/cow/Sus_scrofa,0.5,5,2,2.5,3
721,4501_KLESZO_Sus_scrofa,Capreolus_capreolus/bison/Sus_scrofa,1.0,4,1,4.0,4
722,960_KLESZO_Sus_scrofa,sheep/bear/Sus_scrofa,0.5,2,2,1.0,1
723,1285_KLESZO_Sus_scrofa,Vulpes_vulpes/bison/Sus_scrofa,1.0,1,1,1.0,1
724,13545_KLESZO_Sus_scrofa,bear/bison/Sus_scrofa,1.0,1,1,1.0,1
725,4504_KLESZO_Sus_scrofa,Dog/bison/Sus_scrofa,1.0,1,1,1.0,1
726,1284_KLESZO_Sus_scrofa,Meles_meles/chamois/Sus_scrofa,1.0,4,1,4.0,4
727,17_KLESZO_Sus_scrofa,lagomorph/Felis_silvestris/Sus_scrofa,1.0,1,1,1.0,1
